<?xml version="1.0" encoding="UTF-8"?>
<rss version="2.0" xmlns:ror="http://rorweb.com/0.1/" >
<channel>
  <title>ROR Sitemap for www.PqWap.Ga/</title>
  <link>http://pqwap.ga/</link>

<item>
     <link>http://pqwap.ga/</link>
     <title>Download Latest Natok, Movie, Songs, Tv serial And All Type Of YouTube Videos - PqWap.Ga</title>
     <description>Download Youtube videos in all available formats. Download all types Youtube videos including vevo videos or age protected videos. Best Youtube video Downloader ever</description>
     <ror:updatePeriod>always</ror:updatePeriod>
     <ror:sortOrder>0</ror:sortOrder>
     <ror:resourceOf>sitemap</ror:resourceOf>
</item>
<item>
     <link>http://pqwap.ga/contact-us.php</link>
     <title>Contact Us - PqWap.Ga</title>
     <description>Download any video from PqWap.Ga</description>
     <ror:updatePeriod>always</ror:updatePeriod>
     <ror:sortOrder>1</ror:sortOrder>
     <ror:resourceOf>sitemap</ror:resourceOf>
</item>
<item>
     <link>http://pqwap.ga/video.php</link>
     <title>Download any video from PqWap.Ga</title>
     <description>Download Youtube videos in all available formats. Download all types Youtube videos including vevo videos or age protected videos. Best Youtube video Downloader ever  - PqWap.Ga</description>
     <ror:updatePeriod>always</ror:updatePeriod>
     <ror:sortOrder>1</ror:sortOrder>
     <ror:resourceOf>sitemap</ror:resourceOf>
</item>
<item>
     <link>http://PqWap.Ga/about-us.php</link>
     <title>About Us - PqWap.Ga</title>
     <description>Download any video from PqWap.Ga</description>
     <ror:updatePeriod>always</ror:updatePeriod>
     <ror:sortOrder>1</ror:sortOrder>
     <ror:resourceOf>sitemap</ror:resourceOf>
</item>
<item>
     <link>http://pqwap.ga/index.php</link>
     <title>Latest Haryanvi,Punjabi,Bollywood,Tollywood,bhojpuri,bihari,bangla video download. Download any video from PqWap.Ga</title>
     <description>Latest Haryanvi,Punjabi,Bollywood,Tollywood,bhojpuri,bihari,bangla video download. Download any video from PqWap.Ga</description>
     <ror:updatePeriod>always</ror:updatePeriod>
     <ror:sortOrder>2</ror:sortOrder>
     <ror:resourceOf>sitemap</ror:resourceOf>
</item>
<ror:updatePeriod>always</ror:updatePeriod>
     <ror:sortOrder>2</ror:sortOrder>
     <ror:resourceOf>sitemap</ror:resourceOf>
</item>
<ror:updatePeriod>always</ror:updatePeriod>
     <ror:sortOrder>2</ror:sortOrder>
     <ror:resourceOf>sitemap</ror:resourceOf>
</item>
<ror:updatePeriod>always</ror:updatePeriod>
     <ror:sortOrder>3</ror:sortOrder>
     <ror:resourceOf>sitemap</ror:resourceOf>
</item>
     <ror:resourceOf>sitemap</ror:resourceOf>
</item>
<ror:updatePeriod>always</ror:updatePeriod>
     <ror:sortOrder>3</ror:sortOrder>
     <ror:resourceOf>sitemap</ror:resourceOf>
</item>
<ror:updatePeriod>always</ror:updatePeriod>
     <ror:sortOrder>3</ror:sortOrder>
     <ror:resourceOf>sitemap</ror:resourceOf>
</item>
</channel>
</rss>
  